timestamp,open,high,low,close,volume,ATR
2025-02-17 15:50:00,0.15523,0.15532,0.15523,0.15532,454.0,
2025-02-17 15:51:00,0.15532,0.15532,0.15503,0.15504,18731.0,
2025-02-17 15:52:00,0.15504,0.15504,0.15479,0.15479,1094.0,
2025-02-17 15:53:00,0.15479,0.15489,0.15468,0.15489,9862.0,
2025-02-17 15:54:00,0.15489,0.15496,0.15489,0.15496,6276.0,
2025-02-17 15:55:00,0.15496,0.15525,0.15494,0.15525,26375.0,
2025-02-17 15:56:00,0.15525,0.15526,0.15519,0.15521,11218.0,
2025-02-17 15:57:00,0.15521,0.15551,0.1551,0.1551,50887.0,
2025-02-17 15:58:00,0.1551,0.15537,0.15508,0.15527,17564.0,
2025-02-17 15:59:00,0.15527,0.15537,0.155,0.1552,44728.0,
2025-02-17 16:00:00,0.1552,0.15529,0.15484,0.15484,16431.0,
2025-02-17 16:01:00,0.15484,0.15516,0.15441,0.15441,59565.0,
2025-02-17 16:02:00,0.15441,0.15477,0.1544,0.15445,83875.0,
2025-02-17 16:03:00,0.15445,0.15492,0.15445,0.15479,54087.0,
2025-02-17 16:04:00,0.15479,0.155,0.15457,0.15457,38205.0,
2025-02-17 16:05:00,0.15457,0.15457,0.15432,0.15452,19133.0,
2025-02-17 16:06:00,0.15452,0.15467,0.15446,0.15467,7386.0,
2025-02-17 16:07:00,0.15467,0.1548,0.15456,0.1548,8597.0,
2025-02-17 16:08:00,0.1548,0.15503,0.1548,0.1549,14155.0,
2025-02-17 16:09:00,0.1549,0.15507,0.15487,0.15507,9730.0,
2025-02-17 16:10:00,0.15507,0.15548,0.15507,0.15533,11751.0,
2025-02-17 16:11:00,0.15533,0.15538,0.15529,0.15538,1981.0,
2025-02-17 16:12:00,0.15538,0.15555,0.15538,0.1554,1523.0,
2025-02-17 16:13:00,0.1554,0.1554,0.1553,0.15536,1289.0,
2025-02-17 16:14:00,0.15536,0.15536,0.15516,0.15516,5970.0,
2025-02-17 16:15:00,0.15516,0.15525,0.15515,0.15518,17013.0,
2025-02-17 16:16:00,0.15518,0.15529,0.15513,0.15529,2091.0,
2025-02-17 16:17:00,0.15529,0.15581,0.15529,0.15581,5028.0,
2025-02-17 16:18:00,0.15581,0.15581,0.1555,0.1555,11788.0,
2025-02-17 16:19:00,0.1555,0.15581,0.1555,0.15581,1164.0,
2025-02-17 16:20:00,0.15581,0.15634,0.15581,0.15611,53084.0,
2025-02-17 16:21:00,0.15611,0.15612,0.1557,0.1557,52715.0,
2025-02-17 16:22:00,0.1557,0.15581,0.15562,0.15581,10911.0,
2025-02-17 16:23:00,0.15581,0.15585,0.1558,0.15584,7970.0,
2025-02-17 16:24:00,0.15584,0.15584,0.15545,0.15545,24473.0,
2025-02-17 16:25:00,0.15545,0.15557,0.1553,0.15555,29589.0,
2025-02-17 16:26:00,0.15555,0.15555,0.15523,0.15523,7489.0,
2025-02-17 16:27:00,0.15523,0.15527,0.15498,0.15498,39218.0,
2025-02-17 16:28:00,0.15498,0.15498,0.15493,0.15493,1840.0,
2025-02-17 16:29:00,0.15493,0.15502,0.15491,0.15502,168.0,
2025-02-17 16:30:00,0.15502,0.1553,0.15502,0.1553,21314.0,
2025-02-17 16:31:00,0.1553,0.15533,0.15502,0.15502,1636.0,
2025-02-17 16:32:00,0.15502,0.15502,0.15474,0.15475,22882.0,
2025-02-17 16:33:00,0.15475,0.15475,0.15456,0.15456,547.0,
2025-02-17 16:34:00,0.15456,0.15456,0.15438,0.1545,17816.0,
2025-02-17 16:35:00,0.1545,0.15494,0.15446,0.15476,67345.0,
2025-02-17 16:36:00,0.15476,0.15499,0.15476,0.15491,15823.0,
2025-02-17 16:37:00,0.15491,0.15491,0.15474,0.15474,3594.0,
2025-02-17 16:38:00,0.15474,0.15496,0.15474,0.15475,29213.0,
2025-02-17 16:39:00,0.15475,0.15478,0.1546,0.1546,8512.0,0.0002694000000000013
2025-02-17 16:40:00,0.1546,0.15477,0.15458,0.15475,9085.0,0.00027140000000000107
2025-02-17 16:41:00,0.15475,0.15475,0.15455,0.15455,4147.0,0.00026960000000000097
2025-02-17 16:42:00,0.15455,0.15455,0.15451,0.15451,167.0,0.00026540000000000065
2025-02-17 16:43:00,0.15451,0.15451,0.15398,0.15443,57678.0,0.0002718000000000009
2025-02-17 16:44:00,0.15443,0.15475,0.15443,0.15473,14750.0,0.00027680000000000093
2025-02-17 16:45:00,0.15473,0.15508,0.15473,0.15508,10985.0,0.0002776000000000006
2025-02-17 16:46:00,0.15508,0.15527,0.15508,0.1552,11518.0,0.00028000000000000025
2025-02-17 16:47:00,0.1552,0.15567,0.15506,0.15521,148589.0,0.0002839999999999998
2025-02-17 16:48:00,0.15521,0.15528,0.155,0.155,36189.0,0.00028379999999999963
2025-02-17 16:49:00,0.155,0.155,0.1545,0.1545,72196.0,0.0002863999999999994
2025-02-17 16:50:00,0.1545,0.15458,0.1545,0.15456,7313.0,0.00027899999999999925
2025-02-17 16:51:00,0.15456,0.1549,0.15455,0.1549,43804.0,0.0002709999999999996
2025-02-17 16:52:00,0.1549,0.15559,0.1549,0.15556,54346.0,0.00027739999999999986
2025-02-17 16:53:00,0.15556,0.15596,0.15545,0.15571,41049.0,0.00027819999999999955
2025-02-17 16:54:00,0.15571,0.1558,0.15548,0.1555,27511.0,0.00027599999999999955
2025-02-17 16:55:00,0.1555,0.15557,0.15513,0.15513,21561.0,0.0002798
2025-02-17 16:56:00,0.15513,0.15513,0.15501,0.15501,10549.0,0.0002779999999999994
2025-02-17 16:57:00,0.15501,0.15503,0.15497,0.15503,14553.0,0.0002743999999999996
2025-02-17 16:58:00,0.15503,0.15513,0.15503,0.15513,778.0,0.0002717999999999993
2025-02-17 16:59:00,0.15513,0.15518,0.1551,0.1551,1618.0,0.00026939999999999966
2025-02-17 17:00:00,0.1551,0.15544,0.15486,0.15488,36195.0,0.0002727999999999997
2025-02-17 17:01:00,0.15488,0.15507,0.15477,0.15506,3065.0,0.00027700000000000055
2025-02-17 17:02:00,0.15506,0.15575,0.15506,0.15575,26971.0,0.0002874000000000004
2025-02-17 17:03:00,0.15575,0.15607,0.15575,0.15595,36906.0,0.00029179999999999983
2025-02-17 17:04:00,0.15595,0.15595,0.15553,0.15564,33293.0,0.0002961999999999998
2025-02-17 17:05:00,0.15564,0.15578,0.15553,0.15578,11523.0,0.0002992
2025-02-17 17:06:00,0.15578,0.15636,0.15578,0.15599,36635.0,0.00030759999999999956
2025-02-17 17:07:00,0.15599,0.15653,0.15599,0.15643,29897.0,0.00030799999999999995
2025-02-17 17:08:00,0.15643,0.15649,0.15627,0.15645,12339.0,0.0003061999999999998
2025-02-17 17:09:00,0.15645,0.15677,0.15645,0.15657,10921.0,0.0003063999999999994
2025-02-17 17:10:00,0.15657,0.15727,0.15623,0.15701,151715.0,0.00031659999999999913
2025-02-17 17:11:00,0.15701,0.15812,0.15701,0.1581,105684.0,0.00033039999999999903
2025-02-17 17:12:00,0.1581,0.15817,0.15749,0.15767,115225.0,0.0003401999999999994
2025-02-17 17:13:00,0.15767,0.15772,0.15747,0.15764,22585.0,0.00034419999999999953
2025-02-17 17:14:00,0.15764,0.15818,0.15744,0.15809,60860.0,0.00035119999999999927
2025-02-17 17:15:00,0.15809,0.15809,0.15677,0.15677,237989.0,0.0003721999999999992
2025-02-17 17:16:00,0.15677,0.15689,0.15638,0.15679,66645.0,0.00037599999999999965
2025-02-17 17:17:00,0.15679,0.15743,0.15672,0.15734,68093.0,0.00038439999999999975
2025-02-17 17:18:00,0.15734,0.15739,0.15714,0.15714,2862.0,0.00038839999999999985
2025-02-17 17:19:00,0.15714,0.15714,0.15684,0.15684,21545.0,0.0003921999999999998
2025-02-17 17:20:00,0.15684,0.15691,0.1566,0.1566,20798.0,0.0003927999999999998
2025-02-17 17:21:00,0.1566,0.15691,0.15658,0.15691,30036.0,0.00039319999999999964
2025-02-17 17:22:00,0.15691,0.15691,0.15673,0.15683,14700.0,0.0003911999999999993
2025-02-17 17:23:00,0.15683,0.15685,0.15663,0.15669,2464.0,0.0003917999999999994
2025-02-17 17:24:00,0.15669,0.15673,0.15612,0.15612,43640.0,0.0004003999999999991
2025-02-17 17:25:00,0.15612,0.15617,0.15583,0.15611,71210.0,0.00039759999999999904
2025-02-17 17:26:00,0.15611,0.15611,0.1559,0.15594,10479.0,0.00039719999999999925
2025-02-17 17:27:00,0.15594,0.15594,0.15534,0.15539,35294.0,0.0004057999999999989
2025-02-17 17:28:00,0.15539,0.1554,0.15512,0.15535,9685.0,0.00040699999999999905
2025-02-17 17:29:00,0.15535,0.15559,0.1553,0.15559,16065.0,0.000409199999999999
2025-02-17 17:30:00,0.15559,0.15586,0.15543,0.15582,63150.0,0.0004139999999999988
2025-02-17 17:31:00,0.15582,0.15607,0.15574,0.15574,37442.0,0.00041659999999999863
2025-02-17 17:32:00,0.15574,0.15582,0.15574,0.15575,7643.0,0.00041739999999999887
2025-02-17 17:33:00,0.15575,0.15644,0.15574,0.15644,49575.0,0.00042079999999999895
2025-02-17 17:34:00,0.15644,0.15664,0.15631,0.15631,47820.0,0.0004209999999999992
2025-02-17 17:35:00,0.15631,0.15642,0.15619,0.15642,22469.0,0.00041859999999999955
2025-02-17 17:36:00,0.15642,0.15684,0.15641,0.1566,63581.0,0.0004233999999999999
2025-02-17 17:37:00,0.1566,0.1568,0.15646,0.15656,21489.0,0.000418
2025-02-17 17:38:00,0.15656,0.15677,0.15645,0.15653,23016.0,0.0004187999999999997
2025-02-17 17:39:00,0.15653,0.15666,0.15645,0.15666,739.0,0.00041299999999999947
2025-02-17 17:40:00,0.15666,0.15679,0.15651,0.15654,18975.0,0.0004169999999999996
2025-02-17 17:41:00,0.15654,0.15659,0.15636,0.15636,9357.0,0.0004145999999999994
2025-02-17 17:42:00,0.15636,0.15636,0.15579,0.15579,20828.0,0.00041219999999999923
2025-02-17 17:43:00,0.15579,0.15582,0.15558,0.15558,9519.0,0.00040679999999999937
2025-02-17 17:44:00,0.15558,0.156,0.15558,0.15588,53568.0,0.00040879999999999975
2025-02-17 17:45:00,0.15588,0.15588,0.15548,0.15548,22138.0,0.0004079999999999989
2025-02-17 17:46:00,0.15548,0.15553,0.15544,0.15544,8373.0,0.00040739999999999944
2025-02-17 17:47:00,0.15544,0.15615,0.15542,0.15597,71719.0,0.0004207999999999995
2025-02-17 17:48:00,0.15597,0.15627,0.15597,0.15616,3756.0,0.00042479999999999965
2025-02-17 17:49:00,0.15616,0.15618,0.15559,0.15559,63015.0,0.0004349999999999993
2025-02-17 17:50:00,0.15559,0.15562,0.15543,0.15555,30445.0,0.00042719999999999927
2025-02-17 17:51:00,0.15555,0.15584,0.15551,0.15551,40603.0,0.00042779999999999874
2025-02-17 17:52:00,0.15551,0.15593,0.15551,0.15558,58184.0,0.0004223999999999989
2025-02-17 17:53:00,0.15558,0.15571,0.1555,0.1555,20583.0,0.0004201999999999989
2025-02-17 17:54:00,0.1555,0.15557,0.15545,0.15555,1990.0,0.000414199999999999
2025-02-17 17:55:00,0.15555,0.15565,0.1554,0.15564,5906.0,0.000414199999999999
2025-02-17 17:56:00,0.15564,0.15565,0.15549,0.15549,30889.0,0.0004057999999999995
2025-02-17 17:57:00,0.15549,0.15558,0.15542,0.15558,1752.0,0.0003981999999999991
2025-02-17 17:58:00,0.15558,0.15587,0.15558,0.15587,2470.0,0.0003995999999999994
2025-02-17 17:59:00,0.15587,0.15615,0.15587,0.15615,9558.0,0.0003987999999999997
2025-02-17 18:00:00,0.15615,0.15724,0.15615,0.15703,122156.0,0.0003997999999999996
2025-02-17 18:01:00,0.15703,0.15719,0.15699,0.15718,42755.0,0.00038159999999999973
2025-02-17 18:02:00,0.15718,0.1574,0.15704,0.15737,8423.0,0.0003751999999999994
2025-02-17 18:03:00,0.15737,0.15749,0.15725,0.15725,31207.0,0.00037499999999999925
2025-02-17 18:04:00,0.15725,0.15727,0.15666,0.15666,40617.0,0.0003723999999999994
2025-02-17 18:05:00,0.15666,0.15666,0.15618,0.15618,25105.0,0.00035559999999999867
2025-02-17 18:06:00,0.15618,0.15656,0.15618,0.15651,32942.0,0.00035299999999999833
2025-02-17 18:07:00,0.15651,0.15674,0.15634,0.15637,83654.0,0.00034679999999999824
2025-02-17 18:08:00,0.15637,0.15637,0.15629,0.15629,6572.0,0.00034339999999999816
2025-02-17 18:09:00,0.15629,0.15629,0.15563,0.15571,28012.0,0.0003505999999999987
2025-02-17 18:10:00,0.15571,0.15586,0.15567,0.15576,14789.0,0.0003481999999999985
2025-02-17 18:11:00,0.15576,0.15595,0.15565,0.15592,16810.0,0.0003475999999999985
2025-02-17 18:12:00,0.15592,0.15599,0.1557,0.1557,4274.0,0.0003497999999999984
2025-02-17 18:13:00,0.1557,0.1557,0.15516,0.15533,55059.0,0.00035619999999999874
2025-02-17 18:14:00,0.15533,0.15533,0.15489,0.15489,5785.0,0.00035279999999999866
2025-02-17 18:15:00,0.15489,0.15512,0.15489,0.15512,15694.0,0.0003505999999999987
2025-02-17 18:16:00,0.15512,0.15517,0.15491,0.15517,1862.0,0.0003515999999999991
2025-02-17 18:17:00,0.15517,0.1555,0.15517,0.15517,10134.0,0.0003461999999999993
2025-02-17 18:18:00,0.15517,0.15517,0.15458,0.15461,26794.0,0.0003523999999999994
2025-02-17 18:19:00,0.15461,0.1547,0.1545,0.15463,24956.0,0.00035059999999999925
2025-02-17 18:20:00,0.15463,0.15504,0.15463,0.15476,56114.0,0.00035019999999999995
2025-02-17 18:21:00,0.15476,0.1549,0.1547,0.15488,28395.0,0.00034760000000000015
2025-02-17 18:22:00,0.15488,0.15513,0.15486,0.15486,28143.0,0.00035140000000000003
2025-02-17 18:23:00,0.15486,0.15492,0.15463,0.15463,15456.0,0.00034320000000000016
2025-02-17 18:24:00,0.15463,0.15466,0.15449,0.15453,27125.0,0.0003400000000000003
2025-02-17 18:25:00,0.15453,0.15481,0.15453,0.15475,10453.0,0.0003410000000000002
2025-02-17 18:26:00,0.15475,0.1548,0.1546,0.1548,2238.0,0.00033640000000000005
2025-02-17 18:27:00,0.1548,0.1548,0.1542,0.1542,17204.0,0.0003415999999999997
2025-02-17 18:28:00,0.1542,0.15437,0.15378,0.15401,63797.0,0.0003470000000000001
2025-02-17 18:29:00,0.15401,0.15446,0.15401,0.15446,30920.0,0.0003517999999999999
2025-02-17 18:30:00,0.15446,0.15446,0.15404,0.15404,33090.0,0.00035459999999999935
2025-02-17 18:31:00,0.15404,0.15406,0.15278,0.15279,97564.0,0.00037559999999999926
2025-02-17 18:32:00,0.15279,0.15288,0.15262,0.15288,83968.0,0.00036939999999999917
2025-02-17 18:33:00,0.15288,0.15288,0.15239,0.15268,98066.0,0.0003743999999999992
2025-02-17 18:34:00,0.15268,0.15307,0.15268,0.15297,57448.0,0.0003737999999999991
2025-02-17 18:35:00,0.15297,0.15312,0.15289,0.15306,33793.0,0.0003703999999999996
2025-02-17 18:36:00,0.15306,0.1534,0.15306,0.1534,4673.0,0.00037539999999999964
2025-02-17 18:37:00,0.1534,0.15341,0.15283,0.15284,84414.0,0.0003723999999999994
2025-02-17 18:38:00,0.15284,0.15298,0.15233,0.15235,47752.0,0.00037939999999999974
2025-02-17 18:39:00,0.15235,0.15247,0.15229,0.15239,20889.0,0.0003711999999999993
2025-02-17 18:40:00,0.15239,0.15273,0.15239,0.15273,29725.0,0.00037419999999999955
2025-02-17 18:41:00,0.15273,0.15273,0.15208,0.1523,61295.0,0.0003805999999999998
2025-02-17 18:42:00,0.1523,0.15234,0.15204,0.15204,37369.0,0.00037819999999999965
2025-02-17 18:43:00,0.15204,0.15205,0.15166,0.15166,11066.0,0.0003817999999999999
2025-02-17 18:44:00,0.15166,0.15183,0.15146,0.15167,15184.0,0.0003867999999999994
2025-02-17 18:45:00,0.15167,0.15191,0.15167,0.15191,8929.0,0.00038659999999999915
2025-02-17 18:46:00,0.15191,0.15191,0.15111,0.15121,62982.0,0.00039939999999999865
2025-02-17 18:47:00,0.15121,0.15141,0.15027,0.15036,118729.0,0.0004189999999999988
2025-02-17 18:48:00,0.15036,0.15036,0.14931,0.15002,561090.0,0.00043419999999999847
2025-02-17 18:49:00,0.15002,0.15041,0.14997,0.15039,36708.0,0.0004373999999999983
2025-02-17 18:50:00,0.15039,0.15042,0.14994,0.15035,62936.0,0.0004251999999999989
2025-02-17 18:51:00,0.15035,0.1505,0.15014,0.15014,20787.0,0.00042839999999999876
2025-02-17 18:52:00,0.15014,0.15023,0.14995,0.14995,19185.0,0.00042679999999999883
2025-02-17 18:53:00,0.14995,0.14998,0.1494,0.14967,76150.0,0.000433599999999999
2025-02-17 18:54:00,0.14967,0.14967,0.14839,0.14866,105310.0,0.00044699999999999905
2025-02-17 18:55:00,0.14866,0.14866,0.14821,0.14833,104545.0,0.00044639999999999903
2025-02-17 18:56:00,0.14833,0.1485,0.1483,0.14836,38284.0,0.0004427999999999993
2025-02-17 18:57:00,0.14836,0.14855,0.1481,0.14821,40619.0,0.0004437999999999992
2025-02-17 18:58:00,0.14821,0.14826,0.14797,0.14826,53735.0,0.0004479999999999995
2025-02-17 18:59:00,0.14826,0.14849,0.1482,0.14849,20769.0,0.0004405999999999993
2025-02-17 19:00:00,0.14849,0.14859,0.14816,0.14859,27893.0,0.00044539999999999966
2025-02-17 19:01:00,0.14859,0.14894,0.14834,0.14894,63136.0,0.0004513999999999996
2025-02-17 19:02:00,0.14894,0.14935,0.1486,0.14863,106758.0,0.0004605999999999999
2025-02-17 19:03:00,0.14863,0.14901,0.14855,0.14889,55660.0,0.000459
2025-02-17 19:04:00,0.14889,0.14939,0.14881,0.14927,31893.0,0.0004618
2025-02-17 19:05:00,0.14927,0.14949,0.14886,0.14887,70772.0,0.0004698000000000002
2025-02-17 19:06:00,0.14887,0.14937,0.14887,0.14918,23706.0,0.00047460000000000004
2025-02-17 19:07:00,0.14918,0.14953,0.14909,0.14911,164176.0,0.0004768
2025-02-17 19:08:00,0.14911,0.14929,0.14886,0.14886,69662.0,0.00047360000000000013
2025-02-17 19:09:00,0.14886,0.149,0.14869,0.14869,46658.0,0.0004758000000000001
2025-02-17 19:10:00,0.14869,0.14875,0.14829,0.14829,72861.0,0.00047679999999999945
2025-02-17 19:11:00,0.14829,0.1483,0.14743,0.14753,29371.0,0.000490199999999999
2025-02-17 19:12:00,0.14753,0.14789,0.14752,0.14777,77637.0,0.0004921999999999987
2025-02-17 19:13:00,0.14777,0.14799,0.14745,0.14752,87248.0,0.0004971999999999987
2025-02-17 19:14:00,0.14752,0.14759,0.14727,0.14745,53378.0,0.0005001999999999984
2025-02-17 19:15:00,0.14745,0.14799,0.14735,0.1479,83548.0,0.0005073999999999985
2025-02-17 19:16:00,0.1479,0.14799,0.14788,0.14798,19596.0,0.0005055999999999983
2025-02-17 19:17:00,0.14798,0.14809,0.14765,0.14787,44087.0,0.0005023999999999984
2025-02-17 19:18:00,0.14787,0.14789,0.14778,0.14789,2974.0,0.0004927999999999982
2025-02-17 19:19:00,0.14789,0.14902,0.14789,0.14828,284725.0,0.0005063999999999991
2025-02-17 19:20:00,0.14828,0.14834,0.14789,0.14789,142477.0,0.0005069999999999996
2025-02-17 19:21:00,0.14789,0.1479,0.14739,0.14754,58338.0,0.0004915999999999998
2025-02-17 19:22:00,0.14754,0.14794,0.1475,0.14794,23134.0,0.0004952000000000001
2025-02-17 19:23:00,0.14794,0.14821,0.1479,0.14797,28662.0,0.0004916000000000003
2025-02-17 19:24:00,0.14797,0.14839,0.14797,0.14817,14739.0,0.0004922000000000004
2025-02-17 19:25:00,0.14817,0.14817,0.14755,0.14762,50987.0,0.0005000000000000004
2025-02-17 19:26:00,0.14762,0.14763,0.14731,0.14731,38206.0,0.0004996000000000007
2025-02-17 19:27:00,0.14731,0.14739,0.14688,0.14688,40157.0,0.0004982000000000003
2025-02-17 19:28:00,0.14688,0.14727,0.14663,0.14688,61551.0,0.0004980000000000001
2025-02-17 19:29:00,0.14688,0.14688,0.14643,0.14658,27240.0,0.0005034000000000005
2025-02-17 19:30:00,0.14658,0.14696,0.14645,0.14695,98752.0,0.0005068000000000006
2025-02-17 19:31:00,0.14695,0.14709,0.14678,0.14686,25933.0,0.0005000000000000004
2025-02-17 19:32:00,0.14686,0.14692,0.14684,0.14685,15708.0,0.0004956000000000004
2025-02-17 19:33:00,0.14685,0.14716,0.14685,0.14708,10156.0,0.0004940000000000005
2025-02-17 19:34:00,0.14708,0.14713,0.14695,0.14695,21842.0,0.0004902000000000012
2025-02-17 19:35:00,0.14695,0.14695,0.14645,0.14645,80233.0,0.0004954000000000014
2025-02-17 19:36:00,0.14645,0.1466,0.14623,0.1465,45093.0,0.0004868000000000017
2025-02-17 19:37:00,0.1465,0.14668,0.14643,0.14654,29024.0,0.00046900000000000164
2025-02-17 19:38:00,0.14654,0.1468,0.14654,0.14664,5293.0,0.0004532000000000019
2025-02-17 19:39:00,0.14664,0.14708,0.14664,0.14682,12742.0,0.0004532000000000019
2025-02-17 19:40:00,0.14682,0.14691,0.14624,0.14624,43079.0,0.00045700000000000184
2025-02-17 19:41:00,0.14624,0.14638,0.14609,0.14632,65276.0,0.00045560000000000213
2025-02-17 19:42:00,0.14632,0.14649,0.14632,0.14643,15871.0,0.00045340000000000213
2025-02-17 19:43:00,0.14643,0.14686,0.14643,0.14662,38384.0,0.0004504000000000019
2025-02-17 19:44:00,0.14662,0.14689,0.14643,0.14666,19862.0,0.0004340000000000016
2025-02-17 19:45:00,0.14666,0.14666,0.14611,0.14618,32867.0,0.0004360000000000025
2025-02-17 19:46:00,0.14618,0.14618,0.14564,0.14564,43870.0,0.00044280000000000263
2025-02-17 19:47:00,0.14564,0.14593,0.14564,0.1457,2539.0,0.0004396000000000033
2025-02-17 19:48:00,0.1457,0.1461,0.14563,0.14583,61463.0,0.000443200000000003
2025-02-17 19:49:00,0.14583,0.14611,0.14583,0.14611,36846.0,0.00044300000000000285
2025-02-17 19:50:00,0.14611,0.14623,0.14587,0.14587,11466.0,0.00044160000000000255
2025-02-17 19:51:00,0.14587,0.14603,0.14583,0.14603,11357.0,0.0004336000000000029
2025-02-17 19:52:00,0.14603,0.14624,0.14603,0.14616,27006.0,0.0004228000000000032
2025-02-17 19:53:00,0.14616,0.14617,0.14592,0.14592,32298.0,0.00041860000000000286
2025-02-17 19:54:00,0.14592,0.14599,0.14574,0.14575,9302.0,0.0004120000000000029
2025-02-17 19:55:00,0.14575,0.14575,0.14553,0.14562,24304.0,0.0004038000000000025
2025-02-17 19:56:00,0.14562,0.14562,0.14547,0.14547,41857.0,0.0003968000000000027
2025-02-17 19:57:00,0.14547,0.14558,0.14537,0.14537,21688.0,0.00039220000000000254
2025-02-17 19:58:00,0.14537,0.14537,0.1453,0.14531,11584.0,0.000385000000000002
2025-02-17 19:59:00,0.14531,0.1456,0.14531,0.14547,14070.0,0.00038460000000000214
2025-02-17 20:00:00,0.14547,0.14554,0.14537,0.14539,5743.0,0.0003788000000000025
2025-02-17 20:01:00,0.14539,0.14614,0.14539,0.14583,55711.0,0.00037640000000000286
2025-02-17 20:02:00,0.14583,0.14583,0.1454,0.1454,27476.0,0.00037760000000000294
2025-02-17 20:03:00,0.1454,0.14572,0.14537,0.14571,17766.0,0.00037380000000000247
2025-02-17 20:04:00,0.14571,0.14588,0.14554,0.14557,19095.0,0.00037420000000000286
2025-02-17 20:05:00,0.14557,0.14597,0.14556,0.14564,18860.0,0.0003696000000000027
2025-02-17 20:06:00,0.14564,0.14595,0.14552,0.14583,68149.0,0.0003760000000000024
2025-02-17 20:07:00,0.14583,0.14583,0.14537,0.14546,45282.0,0.00037640000000000226
2025-02-17 20:08:00,0.14546,0.14548,0.14533,0.14544,16194.0,0.00037720000000000255
2025-02-17 20:09:00,0.14544,0.14575,0.14541,0.14546,13294.0,0.00036140000000000174
2025-02-17 20:10:00,0.14546,0.14589,0.14544,0.14579,50345.0,0.00036140000000000114
2025-02-17 20:11:00,0.14579,0.1461,0.14579,0.1461,8877.0,0.00035740000000000104
2025-02-17 20:12:00,0.1461,0.1461,0.14585,0.14585,5368.0,0.0003536000000000011
2025-02-17 20:13:00,0.14585,0.14585,0.14575,0.14575,8825.0,0.0003494000000000014
2025-02-17 20:14:00,0.14575,0.1458,0.14575,0.1458,50.0,0.00034200000000000175
2025-02-17 20:15:00,0.1458,0.14631,0.14577,0.14618,48158.0,0.0003404000000000013
2025-02-17 20:16:00,0.14618,0.14706,0.14618,0.14696,99139.0,0.0003516000000000008
2025-02-17 20:17:00,0.14696,0.14702,0.14652,0.14652,85194.0,0.00035140000000000117
2025-02-17 20:18:00,0.14652,0.14654,0.14606,0.14624,108213.0,0.0003482000000000013
2025-02-17 20:19:00,0.14624,0.14624,0.14614,0.14615,8847.0,0.0003412000000000015
2025-02-17 20:20:00,0.14615,0.14615,0.14575,0.14578,44141.0,0.0003390000000000015
2025-02-17 20:21:00,0.14578,0.14581,0.14501,0.14507,86382.0,0.0003488000000000013
2025-02-17 20:22:00,0.14507,0.14507,0.14364,0.14419,135936.0,0.0003758000000000017
2025-02-17 20:23:00,0.14419,0.14426,0.14377,0.14385,45851.0,0.0003794000000000014
2025-02-17 20:24:00,0.14385,0.14416,0.14384,0.14416,31148.0,0.00038220000000000143
2025-02-17 20:25:00,0.14416,0.1445,0.14415,0.1445,42969.0,0.0003792000000000012
2025-02-17 20:26:00,0.1445,0.14468,0.14432,0.14468,41169.0,0.000379000000000001
2025-02-17 20:27:00,0.14468,0.14469,0.14463,0.14466,4129.0,0.0003752000000000011
2025-02-17 20:28:00,0.14466,0.14487,0.14463,0.14472,10328.0,0.0003748000000000007
2025-02-17 20:29:00,0.14472,0.14472,0.14433,0.14433,5576.0,0.00037380000000000025
2025-02-17 20:30:00,0.14433,0.14435,0.14417,0.14434,42534.0,0.00036400000000000045
2025-02-17 20:31:00,0.14434,0.14446,0.14412,0.14422,48067.0,0.0003650000000000003
2025-02-17 20:32:00,0.14422,0.14455,0.14397,0.14455,50914.0,0.0003732000000000008
2025-02-17 20:33:00,0.14455,0.14534,0.14452,0.1451,144278.0,0.0003810000000000008
2025-02-17 20:34:00,0.1451,0.1451,0.14494,0.14509,42537.0,0.0003750000000000009
2025-02-17 20:35:00,0.14509,0.14627,0.14509,0.14627,373046.0,0.00038760000000000075
2025-02-17 20:36:00,0.14627,0.14629,0.14571,0.14592,112781.0,0.0003884000000000004
2025-02-17 20:37:00,0.14592,0.14592,0.14533,0.14533,40834.0,0.0003944000000000003
2025-02-17 20:38:00,0.14533,0.14534,0.14501,0.14501,30283.0,0.0003916000000000003
2025-02-17 20:39:00,0.14501,0.14503,0.14482,0.14489,5382.0,0.0003902
2025-02-17 20:40:00,0.14489,0.14511,0.14488,0.14511,43851.0,0.0003875999999999996
2025-02-17 20:41:00,0.14511,0.1455,0.14511,0.14539,23417.0,0.00039139999999999954
2025-02-17 20:42:00,0.14539,0.14582,0.14536,0.14567,28225.0,0.00039639999999999955
2025-02-17 20:43:00,0.14567,0.14577,0.14532,0.14532,30187.0,0.00040039999999999965
2025-02-17 20:44:00,0.14532,0.14542,0.1453,0.1453,6404.0,0.00039779999999999926
2025-02-17 20:45:00,0.1453,0.14553,0.14518,0.14553,4037.0,0.0004003999999999991
2025-02-17 20:46:00,0.14553,0.14566,0.14553,0.14566,10062.0,0.00039999999999999926
2025-02-17 20:47:00,0.14566,0.14603,0.14565,0.14589,32893.0,0.0004033999999999993
2025-02-17 20:48:00,0.14589,0.14613,0.14583,0.14599,57741.0,0.00040800000000000005
2025-02-17 20:49:00,0.14599,0.14599,0.14559,0.14565,7510.0,0.0004102
2025-02-17 20:50:00,0.14565,0.14593,0.14559,0.14562,9932.0,0.0004136000000000001
2025-02-17 20:51:00,0.14562,0.14575,0.1455,0.1455,27379.0,0.00040360000000000005
2025-02-17 20:52:00,0.1455,0.14567,0.14521,0.14521,75740.0,0.0004042000000000001
2025-02-17 20:53:00,0.14521,0.14551,0.14521,0.14539,11934.0,0.0004032000000000002
2025-02-17 20:54:00,0.14539,0.14547,0.14535,0.14537,12664.0,0.0003987999999999997
2025-02-17 20:55:00,0.14537,0.14553,0.14537,0.14546,1360.0,0.0003937999999999997
2025-02-17 20:56:00,0.14546,0.14546,0.14524,0.14524,11596.0,0.00038959999999999993
2025-02-17 20:57:00,0.14524,0.14528,0.14499,0.14499,19977.0,0.0003861999999999999
2025-02-17 20:58:00,0.14499,0.14504,0.14475,0.14486,21026.0,0.0003889999999999999
2025-02-17 20:59:00,0.14486,0.14486,0.14411,0.14434,35950.0,0.00039720000000000033
2025-02-17 21:00:00,0.14434,0.14434,0.14359,0.14359,102379.0,0.0004032000000000008
2025-02-17 21:01:00,0.14359,0.1436,0.1431,0.14336,128385.0,0.0004070000000000007
2025-02-17 21:02:00,0.14336,0.14345,0.14278,0.14284,53610.0,0.0004154000000000008
2025-02-17 21:03:00,0.14284,0.14367,0.14284,0.14354,125598.0,0.00043000000000000037
2025-02-17 21:04:00,0.14354,0.14364,0.14314,0.14324,39988.0,0.00043899999999999994
2025-02-17 21:05:00,0.14324,0.14327,0.14291,0.14297,48986.0,0.00043540000000000023
2025-02-17 21:06:00,0.14297,0.14305,0.14291,0.14291,20322.0,0.0004206000000000004
2025-02-17 21:07:00,0.14291,0.14293,0.1425,0.1429,55307.0,0.0004192000000000007
2025-02-17 21:08:00,0.1429,0.14324,0.14284,0.14304,28675.0,0.00041760000000000077
2025-02-17 21:09:00,0.14304,0.14312,0.14275,0.14287,22736.0,0.0004230000000000006
2025-02-17 21:10:00,0.14287,0.14289,0.14261,0.14278,18785.0,0.0004206000000000004
2025-02-17 21:11:00,0.14278,0.14296,0.14223,0.14264,309745.0,0.0004192000000000007
2025-02-17 21:12:00,0.14264,0.14308,0.14264,0.14308,58271.0,0.00039940000000000087
2025-02-17 21:13:00,0.14308,0.14349,0.14304,0.14345,62691.0,0.0003986000000000012
2025-02-17 21:14:00,0.14345,0.14381,0.14345,0.14381,19117.0,0.00039940000000000087
2025-02-17 21:15:00,0.14381,0.14381,0.1435,0.1436,24232.0,0.0003986000000000012
2025-02-17 21:16:00,0.1436,0.14372,0.14352,0.14372,25529.0,0.0003954000000000008
2025-02-17 21:17:00,0.14372,0.1439,0.14368,0.1438,13222.0,0.00039860000000000064
2025-02-17 21:18:00,0.1438,0.14396,0.1438,0.14396,6151.0,0.0003970000000000007
2025-02-17 21:19:00,0.14396,0.14428,0.14388,0.14408,12474.0,0.00039720000000000087
2025-02-17 21:20:00,0.14408,0.14409,0.14366,0.14371,9815.0,0.00040220000000000034
2025-02-17 21:21:00,0.14371,0.14375,0.14358,0.14364,1282.0,0.0003987999999999997
2025-02-17 21:22:00,0.14364,0.14368,0.14354,0.14368,10305.0,0.00038999999999999923
2025-02-17 21:23:00,0.14368,0.14368,0.14337,0.14344,14767.0,0.0003797999999999996
2025-02-17 21:24:00,0.14344,0.14349,0.14344,0.14346,746.0,0.0003775999999999996
2025-02-17 21:25:00,0.14346,0.14348,0.14282,0.1429,34829.0,0.00036719999999999917
2025-02-17 21:26:00,0.1429,0.14291,0.14271,0.14284,27974.0,0.00035959999999999936
2025-02-17 21:27:00,0.14284,0.14284,0.14272,0.14272,14939.0,0.00035019999999999886
2025-02-17 21:28:00,0.14272,0.14282,0.14271,0.14277,14777.0,0.00034579999999999886
2025-02-17 21:29:00,0.14277,0.14277,0.14243,0.14262,59509.0,0.00034839999999999925
2025-02-17 21:30:00,0.14262,0.14262,0.14236,0.14236,20496.0,0.00034899999999999986
2025-02-17 21:31:00,0.14236,0.14257,0.14236,0.14257,9551.0,0.00034540000000000016
2025-02-17 21:32:00,0.14257,0.14258,0.14199,0.14202,92135.0,0.000348
2025-02-17 21:33:00,0.14202,0.14205,0.1412,0.14158,191823.0,0.0003560000000000002
2025-02-17 21:34:00,0.14158,0.1417,0.14133,0.14153,47387.0,0.0003610000000000002
2025-02-17 21:35:00,0.14153,0.14177,0.14128,0.14149,116770.0,0.00036380000000000077
2025-02-17 21:36:00,0.14149,0.14157,0.14136,0.14136,13688.0,0.00036540000000000015
2025-02-17 21:37:00,0.14136,0.14163,0.14113,0.14163,16991.0,0.0003678000000000004
2025-02-17 21:38:00,0.14163,0.14164,0.14118,0.14118,102238.0,0.00037099999999999964
2025-02-17 21:39:00,0.14118,0.14136,0.14118,0.14128,35492.0,0.0003665999999999997
2025-02-17 21:40:00,0.14128,0.14128,0.14068,0.14076,69864.0,0.00037179999999999933
2025-02-17 21:41:00,0.14076,0.1408,0.1407,0.14075,14161.0,0.0003687999999999997
2025-02-17 21:42:00,0.14075,0.1411,0.14075,0.14101,21013.0,0.00036660000000000024
2025-02-17 21:43:00,0.14101,0.14109,0.14099,0.14109,12104.0,0.00036260000000000014
2025-02-17 21:44:00,0.14109,0.14112,0.14079,0.14079,55347.0,0.00036680000000000046
2025-02-17 21:45:00,0.14079,0.14136,0.14079,0.14136,86387.0,0.0003750000000000009
2025-02-17 21:46:00,0.14136,0.14192,0.14136,0.14172,90305.0,0.0003818000000000005
2025-02-17 21:47:00,0.14172,0.14178,0.14136,0.14136,64302.0,0.0003844000000000003
2025-02-17 21:48:00,0.14136,0.14166,0.14115,0.14166,59205.0,0.00038880000000000023
2025-02-17 21:49:00,0.14166,0.1419,0.14166,0.14169,104720.0,0.00037860000000000004
2025-02-17 21:50:00,0.14169,0.14171,0.1413,0.14138,70940.0,0.00037179999999999993
2025-02-17 21:51:00,0.14138,0.14183,0.14138,0.14181,24640.0,0.0003708
2025-02-17 21:52:00,0.14181,0.14181,0.14173,0.14173,7664.0,0.0003589999999999999
2025-02-17 21:53:00,0.14173,0.14173,0.1416,0.14166,1516.0,0.00034499999999999977
2025-02-17 21:54:00,0.14166,0.14166,0.14166,0.14166,0.0,0.00033499999999999974
2025-02-17 21:55:00,0.14166,0.14166,0.1414,0.14153,25539.0,0.00033299999999999996
2025-02-17 21:56:00,0.14153,0.14172,0.14153,0.14172,20886.0,0.0003340000000000004
2025-02-17 21:57:00,0.14172,0.14172,0.14122,0.14122,13352.0,0.00033540000000000013
2025-02-17 21:58:00,0.14122,0.14144,0.14122,0.14136,10135.0,0.0003317999999999999
2025-02-17 21:59:00,0.14136,0.14144,0.14136,0.14144,33019.0,0.00032599999999999963
2025-02-17 22:00:00,0.14144,0.14144,0.14053,0.14053,75746.0,0.0003386
2025-02-17 22:01:00,0.14053,0.14088,0.14029,0.14088,92018.0,0.0003358
2025-02-17 22:02:00,0.14088,0.14119,0.14077,0.14116,46180.0,0.0003353999999999996
2025-02-17 22:03:00,0.14116,0.14116,0.14096,0.14096,30169.0,0.0003303999999999996
2025-02-17 22:04:00,0.14096,0.14162,0.14096,0.14157,47459.0,0.0003363999999999995
2025-02-17 22:05:00,0.14157,0.14269,0.14157,0.14267,171715.0,0.00035259999999999957
2025-02-17 22:06:00,0.14267,0.14281,0.14249,0.1426,78362.0,0.00035499999999999974
2025-02-17 22:07:00,0.1426,0.1427,0.14243,0.14269,45699.0,0.00035599999999999965
2025-02-17 22:08:00,0.14269,0.14338,0.14269,0.14337,119505.0,0.0003665999999999997
2025-02-17 22:09:00,0.14337,0.14352,0.14316,0.14316,36990.0,0.0003658
2025-02-17 22:10:00,0.14316,0.14327,0.14297,0.14316,37808.0,0.0003632000000000002
2025-02-17 22:11:00,0.14316,0.14349,0.14316,0.14337,40509.0,0.0003664000000000006
2025-02-17 22:12:00,0.14337,0.14343,0.14308,0.14308,57051.0,0.0003706000000000004
2025-02-17 22:13:00,0.14308,0.1432,0.14297,0.14297,13634.0,0.00036899999999999986
2025-02-17 22:14:00,0.14297,0.14301,0.14256,0.14278,63490.0,0.0003770000000000001
2025-02-17 22:15:00,0.14278,0.14314,0.14231,0.14313,64640.0,0.0003804000000000002
2025-02-17 22:16:00,0.14313,0.14316,0.14278,0.14291,45218.0,0.00038400000000000044
2025-02-17 22:17:00,0.14291,0.14337,0.14283,0.14301,34364.0,0.00039240000000000054
2025-02-17 22:18:00,0.14301,0.14336,0.14276,0.14297,67519.0,0.00040220000000000034
2025-02-17 22:19:00,0.14297,0.14307,0.14292,0.14299,1313.0,0.0003984000000000004
2025-02-17 22:20:00,0.14299,0.14316,0.14287,0.14316,15713.0,0.0003990000000000005
2025-02-17 22:21:00,0.14316,0.14335,0.14305,0.14329,10564.0,0.00040080000000000004
2025-02-17 22:22:00,0.14329,0.14329,0.1431,0.14318,855.0,0.0003927999999999998
2025-02-17 22:23:00,0.14318,0.14332,0.14308,0.14329,10477.0,0.0003805999999999993
2025-02-17 22:24:00,0.14329,0.14341,0.14304,0.14337,14846.0,0.0003805999999999998
2025-02-17 22:25:00,0.14337,0.14337,0.14279,0.14279,23414.0,0.00038239999999999943
2025-02-17 22:26:00,0.14279,0.14317,0.14264,0.14287,57760.0,0.0003887999999999997
2025-02-17 22:27:00,0.14287,0.14307,0.14285,0.14288,13194.0,0.00038319999999999967
2025-02-17 22:28:00,0.14288,0.14298,0.14284,0.14295,1712.0,0.0003767999999999999
2025-02-17 22:29:00,0.14295,0.14295,0.14272,0.14272,10538.0,0.00037779999999999926
2025-02-17 22:30:00,0.14272,0.14308,0.14246,0.14308,31462.0,0.00037819999999999965
2025-02-17 22:31:00,0.14308,0.1433,0.14301,0.1432,18943.0,0.0003819999999999996
2025-02-17 22:32:00,0.1432,0.14332,0.1432,0.14326,578.0,0.0003773999999999994
2025-02-17 22:33:00,0.14326,0.14333,0.14325,0.14333,7815.0,0.0003770000000000001
2025-02-17 22:34:00,0.14333,0.14333,0.14302,0.14302,5928.0,0.00037660000000000026
2025-02-17 22:35:00,0.14302,0.14307,0.14302,0.14307,8142.0,0.00036619999999999985
2025-02-17 22:36:00,0.14307,0.14329,0.14307,0.14308,2341.0,0.0003594000000000003
2025-02-17 22:37:00,0.14308,0.1432,0.14306,0.1432,5365.0,0.0003538000000000008
2025-02-17 22:38:00,0.1432,0.1434,0.1432,0.14334,10132.0,0.0003476000000000007
2025-02-17 22:39:00,0.14334,0.14357,0.14334,0.1434,4468.0,0.000347400000000001
2025-02-17 22:40:00,0.1434,0.14378,0.1434,0.14354,46636.0,0.000346800000000001
2025-02-17 22:41:00,0.14354,0.14354,0.14312,0.14312,7615.0,0.00034620000000000093
2025-02-17 22:42:00,0.14312,0.14312,0.14287,0.14297,17027.0,0.000349600000000001
2025-02-17 22:43:00,0.14297,0.14313,0.14297,0.14311,21189.0,0.0003502000000000011
2025-02-17 22:44:00,0.14311,0.14311,0.14311,0.14311,0.0,0.0003502000000000011
2025-02-17 22:45:00,0.14311,0.14311,0.14277,0.14277,21040.0,0.0003518000000000004
2025-02-17 22:46:00,0.14277,0.14292,0.14268,0.1429,8008.0,0.0003527999999999998
2025-02-17 22:47:00,0.1429,0.14319,0.1429,0.14319,15109.0,0.0003486
2025-02-17 22:48:00,0.14319,0.14324,0.14311,0.14312,3288.0,0.00034680000000000046
2025-02-17 22:49:00,0.14312,0.14314,0.14309,0.14309,7024.0,0.0003462000000000004
2025-02-17 22:50:00,0.14309,0.14329,0.14309,0.14329,26016.0,0.00033200000000000005
2025-02-17 22:51:00,0.14329,0.14354,0.14329,0.14354,6863.0,0.00032519999999999994
2025-02-17 22:52:00,0.14354,0.14358,0.14337,0.14344,25483.0,0.00032100000000000016
2025-02-17 22:53:00,0.14344,0.14378,0.14344,0.14378,1197.0,0.00032379999999999963
2025-02-17 22:54:00,0.14378,0.14454,0.14376,0.14433,246301.0,0.0003261999999999998
2025-02-17 22:55:00,0.14433,0.14471,0.14433,0.14462,33755.0,0.00031139999999999944
2025-02-17 22:56:00,0.14462,0.14464,0.14454,0.14454,32972.0,0.0003069999999999995
2025-02-17 22:57:00,0.14454,0.14454,0.14421,0.14421,24267.0,0.0003081999999999996
2025-02-17 22:58:00,0.14421,0.14421,0.144,0.14403,14746.0,0.0002986
2025-02-17 22:59:00,0.14403,0.1442,0.14383,0.14383,44175.0,0.0002987999999999996
2025-02-17 23:00:00,0.14383,0.14415,0.14365,0.14415,87838.0,0.0003027999999999997
2025-02-17 23:01:00,0.14415,0.14451,0.14415,0.14421,16863.0,0.0003033999999999998
2025-02-17 23:02:00,0.14421,0.14443,0.14411,0.14429,40390.0,0.0003028000000000003
2025-02-17 23:03:00,0.14429,0.14429,0.14407,0.14407,17773.0,0.00030260000000000063
2025-02-17 23:04:00,0.14407,0.14418,0.14394,0.14394,35946.0,0.0002984000000000003
2025-02-17 23:05:00,0.14394,0.14444,0.14387,0.14425,80320.0,0.0002932000000000007
2025-02-17 23:06:00,0.14425,0.14459,0.14425,0.14454,36752.0,0.00029240000000000044
2025-02-17 23:07:00,0.14454,0.14474,0.14445,0.14448,31562.0,0.00028740000000000097
2025-02-17 23:08:00,0.14448,0.14453,0.14428,0.14451,19015.0,0.0002804000000000012
2025-02-17 23:09:00,0.14451,0.14527,0.14451,0.14527,105676.0,0.0002926000000000012
2025-02-17 23:10:00,0.14527,0.14531,0.14518,0.14531,13481.0,0.00028940000000000075
2025-02-17 23:11:00,0.14531,0.14569,0.14531,0.14542,74615.0,0.0002910000000000007
2025-02-17 23:12:00,0.14542,0.14542,0.14534,0.14539,9003.0,0.00028880000000000073
2025-02-17 23:13:00,0.14539,0.14573,0.14539,0.14547,27940.0,0.00029080000000000105
2025-02-17 23:14:00,0.14547,0.1456,0.14533,0.14533,27665.0,0.0002888000000000013
2025-02-17 23:15:00,0.14533,0.14549,0.14524,0.14529,15860.0,0.00028220000000000133
2025-02-17 23:16:00,0.14529,0.14529,0.14507,0.14528,2718.0,0.00027600000000000123
2025-02-17 23:17:00,0.14528,0.14597,0.14528,0.14596,27810.0,0.0002854000000000012
2025-02-17 23:18:00,0.14596,0.14609,0.14548,0.14548,133881.0,0.00029480000000000115
2025-02-17 23:19:00,0.14548,0.14548,0.14529,0.14529,4332.0,0.0002940000000000015
2025-02-17 23:20:00,0.14529,0.14532,0.14526,0.14529,6722.0,0.0002828000000000014
2025-02-17 23:21:00,0.14529,0.14572,0.14529,0.14572,30714.0,0.00028560000000000087
2025-02-17 23:22:00,0.14572,0.14588,0.14559,0.14559,4734.0,0.0002890000000000009
2025-02-17 23:23:00,0.14559,0.14584,0.14554,0.14565,28639.0,0.0002934000000000003
2025-02-17 23:24:00,0.14565,0.14579,0.14558,0.14558,14703.0,0.0002914000000000005
2025-02-17 23:25:00,0.14558,0.14585,0.14558,0.14583,5521.0,0.00029580000000000106
2025-02-17 23:26:00,0.14583,0.14583,0.14574,0.1458,20325.0,0.0002932000000000007
2025-02-17 23:27:00,0.1458,0.14587,0.14545,0.14545,29536.0,0.00029880000000000076
2025-02-17 23:28:00,0.14545,0.14548,0.14523,0.14548,24634.0,0.0002998000000000006
2025-02-17 23:29:00,0.14548,0.14549,0.14542,0.14542,2484.0,0.00029660000000000076
2025-02-17 23:30:00,0.14542,0.14543,0.14517,0.14527,4391.0,0.00029420000000000113
2025-02-17 23:31:00,0.14527,0.14527,0.14418,0.14418,184352.0,0.0003076000000000012
2025-02-17 23:32:00,0.14418,0.14451,0.14418,0.14451,90678.0,0.0003092000000000011
2025-02-17 23:33:00,0.14451,0.14494,0.14451,0.14494,34169.0,0.0003146000000000015
2025-02-17 23:34:00,0.14494,0.14494,0.14459,0.14473,6626.0,0.0003216000000000019
2025-02-17 23:35:00,0.14473,0.14477,0.14473,0.14477,1321.0,0.0003156000000000025
2025-02-17 23:36:00,0.14477,0.14488,0.14477,0.14488,3035.0,0.00031300000000000273
2025-02-17 23:37:00,0.14488,0.14514,0.14488,0.14514,6456.0,0.0003124000000000021
2025-02-17 23:38:00,0.14514,0.14522,0.14514,0.14521,1093.0,0.00031140000000000166
2025-02-17 23:39:00,0.14521,0.14521,0.14499,0.14499,4363.0,0.00031480000000000174
2025-02-17 23:40:00,0.14499,0.14504,0.1449,0.1449,8020.0,0.00031360000000000166
2025-02-17 23:41:00,0.1449,0.14493,0.14485,0.14485,529.0,0.0003102000000000016
2025-02-17 23:42:00,0.14485,0.14508,0.14485,0.14508,5575.0,0.0003106000000000009
2025-02-17 23:43:00,0.14508,0.14522,0.1434,0.14369,455271.0,0.00034020000000000106
2025-02-17 23:44:00,0.14369,0.14393,0.14368,0.14393,45574.0,0.000329600000000001
2025-02-17 23:45:00,0.14393,0.14492,0.14393,0.14487,240326.0,0.000341800000000001
2025-02-17 23:46:00,0.14487,0.14509,0.14473,0.14509,61130.0,0.00034700000000000117
2025-02-17 23:47:00,0.14509,0.14509,0.14479,0.1448,22956.0,0.00034640000000000116
2025-02-17 23:48:00,0.1448,0.14581,0.1448,0.14581,30411.0,0.0003624000000000005
2025-02-17 23:49:00,0.14581,0.14597,0.14572,0.14579,22101.0,0.0003600000000000009
2025-02-17 23:50:00,0.14579,0.1458,0.14536,0.14536,30206.0,0.00035880000000000135
2025-02-17 23:51:00,0.14536,0.14543,0.14517,0.14517,63816.0,0.00035680000000000157
2025-02-17 23:52:00,0.14517,0.14524,0.14496,0.14524,38167.0,0.00035600000000000133
2025-02-17 23:53:00,0.14524,0.14554,0.14524,0.14554,26533.0,0.00035760000000000127
2025-02-17 23:54:00,0.14554,0.14554,0.14541,0.14541,8345.0,0.00035540000000000127
2025-02-17 23:55:00,0.14541,0.14544,0.14532,0.14542,10031.0,0.00034640000000000116
2025-02-17 23:56:00,0.14542,0.14548,0.14529,0.14529,24226.0,0.0003434000000000009
2025-02-17 23:57:00,0.14529,0.14533,0.14505,0.14505,5283.0,0.00034320000000000016
2025-02-17 23:58:00,0.14505,0.14507,0.14493,0.145,3112.0,0.0003410000000000002
2025-02-17 23:59:00,0.145,0.145,0.14483,0.14483,7741.0,0.00032920000000000003
2025-02-18 00:00:00,0.14483,0.14496,0.14476,0.14484,22255.0,0.00033060000000000034
2025-02-18 00:01:00,0.14484,0.14635,0.14484,0.14568,246044.0,0.0003532000000000007
2025-02-18 00:02:00,0.14568,0.14572,0.14556,0.14572,17199.0,0.00035480000000000066
2025-02-18 00:03:00,0.14572,0.14605,0.14572,0.146,18505.0,0.00035460000000000103
2025-02-18 00:04:00,0.146,0.14604,0.14578,0.14578,15866.0,0.0003544000000000008
2025-02-18 00:05:00,0.14578,0.14578,0.14565,0.14567,18747.0,0.00035200000000000064
2025-02-18 00:06:00,0.14567,0.14586,0.14567,0.14586,205.0,0.0003514000000000006
2025-02-18 00:07:00,0.14586,0.14586,0.1454,0.14574,100094.0,0.00034680000000000046
2025-02-18 00:08:00,0.14574,0.14579,0.14563,0.14566,5962.0,0.0003378000000000003
2025-02-18 00:09:00,0.14566,0.14566,0.14566,0.14566,0.0,0.0003340000000000004
2025-02-18 00:10:00,0.14593,0.14603,0.14593,0.14603,296.0,0.0003401999999999999
